{
  "formatVersion" : 1,
  "passTypeIdentifier" : "<INSERT PASS TYPE ID>",
  "serialNumber" : "<INSERT SERIAL NUMBER>",
  "teamIdentifier" : "<HERE YOUR TEAM ID>",
  
  "webServiceURL" : "http://yourdomain.com/egghunt/ws/",
  "authenticationToken" : "<INSERT TOKEN>",
  
  "barcode" : {
    "message" : "<INSERT BARCODE>",
    "format" : "PKBarcodeFormatQR",
    "messageEncoding" : "iso-8859-1"
  },
  "locations" : [],
  "organizationName" : "Big City Mall",
  "description" : "Easter Egg Hunt card",
  "logoText" : "Easter Egg Hunt",
  "foregroundColor" : "rgb(255, 255, 255)",
  "backgroundColor" : "rgb(235, 162, 205)",
  "labelColor" : "rgb(45, 54, 129)",
  "generic" : {
    "primaryFields" : [
      {
        "key" : "credit",
        "label" : "StoreCredit",
        "value" : "",
        "changeMessage": "Your Big City Mall credit is now %@"
      }
    ],
    "secondaryFields" : [
      {
        "key" : "nextlocation",
        "label" : "Next egg hunt location",
        "value" : "",
        "changeMessage": ""
      }
    ],
    "backFields" : [
      {
        "key" : "terms",
        "label" : "TERMS AND CONDITIONS",
        "value" : "Check the Terms & Conditions of the game on the web site of Big City Mall"
      }
    ]
  }
}